No,year,month,day,hour,season,PM_Dongsi,PM_Dongsihuan,PM_Nongzhanguan,PM_US Post,DEWP,HUMI,PRES,TEMP,cbwd,Iws,precipitation,Iprec
1,2010,1,1,0,4,NA,NA,NA,NA,-21,43,1021,-11,NW,1.79,0,0
2,2010,1,1,1,4,NA,NA,NA,NA,-21,47,1020,-12,NW,4.92,0,0
3,2010,1,1,2,4,NA,NA,NA,NA,-21,43,1019,-11,NW,6.71,0,0
4,2010,1,1,3,4,NA,NA,NA,NA,-21,55,1019,-14,NW,9.84,0,0
5,2010,1,1,4,4,NA,NA,NA,NA,-20,51,1018,-12,NW,12.97,0,0
6,2010,1,1,5,4,NA,NA,NA,NA,-19,47,1017,-10,NW,16.1,0,0
7,2010,1,1,6,4,NA,NA,NA,NA,-19,44,1017,-9,NW,19.23,0,0
8,2010,1,1,7,4,NA,NA,NA,NA,-19,44,1017,-9,NW,21.02,0,0
9,2010,1,1,8,4,NA,NA,NA,NA,-19,44,1017,-9,NW,24.15,0,0
10,2010,1,1,9,4,NA,NA,NA,NA,-20,37,1017,-8,NW,27.28,0,0
11,2010,1,1,10,4,NA,NA,NA,NA,-19,37,1017,-7,NW,31.3,0,0
12,2010,1,1,11,4,NA,NA,NA,NA,-18,35,1017,-5,NW,34.43,0,0
13,2010,1,1,12,4,NA,NA,NA,NA,-19,32,1015,-5,NW,37.56,0,0
14,2010,1,1,13,4,NA,NA,NA,NA,-18,30,1015,-3,NW,40.69,0,0
15,2010,1,1,14,4,NA,NA,NA,NA,-18,28,1014,-2,NW,43.82,0,0
16,2010,1,1,15,4,NA,NA,NA,NA,-18,26,1014,-1,cv,0.89,0,0
17,2010,1,1,16,4,NA,NA,NA,NA,-19,25,1015,-2,NW,1.79,0,0
18,2010,1,1,17,4,NA,NA,NA,NA,-18,30,1015,-3,NW,2.68,0,0
19,2010,1,1,18,4,NA,NA,NA,NA,-18,35,1016,-5,NE,1.79,0,0
20,2010,1,1,19,4,NA,NA,NA,NA,-17,35,1017,-4,NW,1.79,0,0
21,2010,1,1,20,4,NA,NA,NA,NA,-17,38,1017,-5,cv,0.89,0,0
22,2010,1,1,21,4,NA,NA,NA,NA,-17,38,1018,-5,NW,1.79,0,0
23,2010,1,1,22,4,NA,NA,NA,NA,-17,38,1018,-5,NW,2.68,0,0
24,2010,1,1,23,4,NA,NA,NA,129,-17,41,1020,-5,cv,0.89,0,0
25,2010,1,2,0,4,NA,NA,NA,148,-16,38,1020,-4,SE,1.79,0,0
26,2010,1,2,1,4,NA,NA,NA,159,-15,42,1020,-4,SE,2.68,0,0
27,2010,1,2,2,4,NA,NA,NA,181,-11,63.5,1021,-5,SE,3.57,0,0
28,2010,1,2,3,4,NA,NA,NA,138,-7,85,1022,-5,SE,5.36,0,0
29,2010,1,2,4,4,NA,NA,NA,109,-7,85,1022,-5,SE,6.25,0,0
30,2010,1,2,5,4,NA,NA,NA,105,-7,92,1022,-6,SE,7.14,0,0
31,2010,1,2,6,4,NA,NA,NA,124,-7,92,1023,-6,SE,8.93,0,0
32,2010,1,2,7,4,NA,NA,NA,120,-7,85,1024,-5,SE,10.72,0,0
33,2010,1,2,8,4,NA,NA,NA,132,-8,85,1024,-6,SE,12.51,0,0
34,2010,1,2,9,4,NA,NA,NA,140,-7,85,1025,-5,SE,14.3,0,0
35,2010,1,2,10,4,NA,NA,NA,152,-7,85,1026,-5,SE,17.43,0,0
36,2010,1,2,11,4,NA,NA,NA,148,-8,79,1026,-5,SE,20.56,0,0
37,2010,1,2,12,4,NA,NA,NA,164,-8,79,1026,-5,SE,23.69,0,0
38,2010,1,2,13,4,NA,NA,NA,158,-8,79,1025,-5,SE,27.71,0,0
39,2010,1,2,14,4,NA,NA,NA,154,-9,73,1025,-5,SE,31.73,0,0
40,2010,1,2,15,4,NA,NA,NA,159,-9,73,1025,-5,SE,35.75,0,0
41,2010,1,2,16,4,NA,NA,NA,164,-9,73,1026,-5,SE,37.54,0,0
42,2010,1,2,17,4,NA,NA,NA,170,-8,79,1027,-5,SE,39.33,0,0
43,2010,1,2,18,4,NA,NA,NA,149,-8,79,1027,-5,SE,42.46,0,0
44,2010,1,2,19,4,NA,NA,NA,154,-8,79,1028,-5,SE,44.25,0,0
45,2010,1,2,20,4,NA,NA,NA,164,-7,85,1028,-5,SE,46.04,0,0
46,2010,1,2,21,4,NA,NA,NA,156,-7,85,1027,-5,SE,49.17,0,0
47,2010,1,2,22,4,NA,NA,NA,126,-8,85,1028,-6,SE,52.3,0,0
48,2010,1,2,23,4,NA,NA,NA,90,-8,85,1027,-6,SE,55.43,0,0
49,2010,1,3,0,4,NA,NA,NA,63,-7,92,1027,-6,SE,58.56,0.4,0.4
50,2010,1,3,1,4,NA,NA,NA,65,-8,85,1026,-6,SE,61.69,0.5,0.9
51,2010,1,3,2,4,NA,NA,NA,55,-8,92,1026,-7,SE,65.71,0.5,1.4
52,2010,1,3,3,4,NA,NA,NA,65,-8,92,1025,-7,SE,68.84,0.7,2.1
53,2010,1,3,4,4,NA,NA,NA,83,-8,92,1024,-7,SE,72.86,1.2,3.3
54,2010,1,3,5,4,NA,NA,NA,91,-9,92,1024,-8,SE,76.88,0.7,4
55,2010,1,3,6,4,NA,NA,NA,86,-10,85,1024,-8,SE,80.9,1,5
56,2010,1,3,7,4,NA,NA,NA,82,-10,92,1024,-9,SE,84.92,0.7,5.7
57,2010,1,3,8,4,NA,NA,NA,86,-10,92,1024,-9,SE,89.84,0.5,6.2
58,2010,1,3,9,4,NA,NA,NA,78,-11,85,1023,-9,SE,93.86,0.7,6.9
59,2010,1,3,10,4,NA,NA,NA,98,-11,85,1023,-9,SE,97.88,0.4,7.3
60,2010,1,3,11,4,NA,NA,NA,107,-11,85,1022,-9,SE,102.8,0.5,7.8
61,2010,1,3,12,4,NA,NA,NA,90,-11,85,1021,-9,SE,105.93,1.1,8.9
62,2010,1,3,13,4,NA,NA,NA,96,-11,85,1020,-9,SE,111.74,0.5,9.4
63,2010,1,3,14,4,NA,NA,NA,95,-11,85,1020,-9,SE,116.66,0.3,9.7
64,2010,1,3,15,4,NA,NA,NA,86,-11,85,1020,-9,SE,121.58,0.5,10.2
65,2010,1,3,16,4,NA,NA,NA,70,-11,85,1020,-9,SE,124.71,0.2,10.4
66,2010,1,3,17,4,NA,NA,NA,61,-11,85,1020,-9,SE,127.84,0.1,10.5
67,2010,1,3,18,4,NA,NA,NA,53,-11,85,1021,-9,cv,0.89,0.4,10.9
68,2010,1,3,19,4,NA,NA,NA,71,-11,85,1022,-9,cv,1.78,0.3,11.2
69,2010,1,3,20,4,NA,NA,NA,72,-10,92,1022,-9,NW,4.02,0,0
70,2010,1,3,21,4,NA,NA,NA,76,-11,92,1023,-10,NW,7.15,0,0
71,2010,1,3,22,4,NA,NA,NA,73,-11,85,1023,-9,NW,11.17,0,0
72,2010,1,3,23,4,NA,NA,NA,79,-12,92,1023,-11,NW,14.3,0,0
73,2010,1,4,0,4,NA,NA,NA,58,-14,85,1023,-12,NW,16.09,0,0
74,2010,1,4,1,4,NA,NA,NA,25,-16,56,1023,-9,NW,21.9,0,0
75,2010,1,4,2,4,NA,NA,NA,26,-17,56,1024,-10,NW,29.95,0,0
76,2010,1,4,3,4,NA,NA,NA,28,-18,56,1024,-11,NW,39.78,0,0
77,2010,1,4,4,4,NA,NA,NA,26,-19,51,1025,-11,NW,48.72,0,0
78,2010,1,4,5,4,NA,NA,NA,20,-20,51,1026,-12,NW,55.87,0,0
79,2010,1,4,6,4,NA,NA,NA,29,-21,47,1027,-12,NW,64.81,0,0
80,2010,1,4,7,4,NA,NA,NA,26,-21,51,1027,-13,NW,73.75,0,0
81,2010,1,4,8,4,NA,NA,NA,27,-22,46,1028,-13,NW,80.9,0,0
82,2010,1,4,9,4,NA,NA,NA,27,-22,46,1029,-13,NW,90.73,0,0
83,2010,1,4,10,4,NA,NA,NA,25,-22,43,1030,-12,NW,100.56,0,0
84,2010,1,4,11,4,NA,NA,NA,29,-23,39,1031,-12,NW,108.61,0,0
85,2010,1,4,12,4,NA,NA,NA,32,-21,43,1030,-11,NW,117.55,0,0
86,2010,1,4,13,4,NA,NA,NA,28,-20,43,1030,-10,NW,127.38,0,0
87,2010,1,4,14,4,NA,NA,NA,29,-21,40,1030,-10,NW,136.32,0,0
88,2010,1,4,15,4,NA,NA,NA,30,-21,37,1030,-9,NW,145.26,0,0
89,2010,1,4,16,4,NA,NA,NA,30,-21,37,1031,-9,NW,152.41,0,0
90,2010,1,4,17,4,NA,NA,NA,28,-20,47,1032,-11,NW,159.56,0,0
91,2010,1,4,18,4,NA,NA,NA,26,-23,36,1032,-11,NW,165.37,0,0
92,2010,1,4,19,4,NA,NA,NA,31,-21,47,1033,-12,NW,171.18,0,0
93,2010,1,4,20,4,NA,NA,NA,33,-24,36,1034,-12,NW,180.12,0,0
94,2010,1,4,21,4,NA,NA,NA,29,-24,39,1034,-13,NW,187.27,0,0
95,2010,1,4,22,4,NA,NA,NA,31,-24,39,1035,-13,NW,195.32,0,0
96,2010,1,4,23,4,NA,NA,NA,30,-26,38,1035,-15,NW,198.45,0,0
97,2010,1,5,0,4,NA,NA,NA,34,-26,45,1035,-17,NW,201.58,0,0
98,2010,1,5,1,4,NA,NA,NA,27,-26,49,1035,-18,NW,205.6,0,0
99,2010,1,5,2,4,NA,NA,NA,25,-26,53,1035,-19,NW,208.73,0,0
100,2010,1,5,3,4,NA,NA,NA,28,-27,45,1035,-18,NW,213.65,0,0
101,2010,1,5,4,4,NA,NA,NA,28,-27,49,1035,-19,NW,218.57,0,0
102,2010,1,5,5,4,NA,NA,NA,27,-27,38,1034,-16,NE,4.92,0,0
103,2010,1,5,6,4,NA,NA,NA,27,-26,41,1035,-16,NE,8.05,0,0
104,2010,1,5,7,4,NA,NA,NA,27,-27,38,1034,-16,NE,13.86,0,0
105,2010,1,5,8,4,NA,NA,NA,29,-26,41,1035,-16,NE,18.78,0,0
106,2010,1,5,9,4,NA,NA,NA,36,-26,38,1035,-15,NE,24.59,0,0
107,2010,1,5,10,4,NA,NA,NA,30,-25,38,1035,-14,NE,29.51,0,0
108,2010,1,5,11,4,NA,NA,NA,27,-25,35,1035,-13,NE,34.43,0,0
109,2010,1,5,12,4,NA,NA,NA,39,-25,33,1034,-12,NE,39.35,0,0
110,2010,1,5,13,4,NA,NA,NA,41,-24,33,1032,-11,NE,41.14,0,0
111,2010,1,5,14,4,NA,NA,NA,33,-22,39,1032,-11,cv,0.89,0,0
112,2010,1,5,15,4,NA,NA,NA,50,-23,36,1031,-11,NW,1.79,0,0
113,2010,1,5,16,4,NA,NA,NA,56,-24,33,1031,-11,NW,3.58,0,0
114,2010,1,5,17,4,NA,NA,NA,59,-23,36,1031,-11,NW,5.37,0,0
115,2010,1,5,18,4,NA,NA,NA,60,-23,36,1032,-11,NW,7.16,0,0
116,2010,1,5,19,4,NA,NA,NA,84,-22,46,1033,-13,NW,10.29,0,0
117,2010,1,5,20,4,NA,NA,NA,106,-22,43,1033,-12,NW,13.42,0,0
118,2010,1,5,21,4,NA,NA,NA,66,-24,59,1033,-18,NW,16.55,0,0
119,2010,1,5,22,4,NA,NA,NA,50,-22,46,1034,-13,NW,20.57,0,0
120,2010,1,5,23,4,NA,NA,NA,56,-22,59,1033,-16,NW,23.7,0,0
121,2010,1,6,0,4,NA,NA,NA,77,-25,49,1033,-17,NW,26.83,0,0
122,2010,1,6,1,4,NA,NA,NA,50,-25,38,1033,-14,NE,4.02,0,0
123,2010,1,6,2,4,NA,NA,NA,44,-26,35,1034,-14,NE,8.04,0,0
124,2010,1,6,3,4,NA,NA,NA,27,-26,35,1033,-14,NE,13.85,0,0
125,2010,1,6,4,4,NA,NA,NA,28,-26,35,1033,-14,NE,17.87,0,0
126,2010,1,6,5,4,NA,NA,NA,21,-26,35,1033,-14,NE,23.68,0,0
127,2010,1,6,6,4,NA,NA,NA,25,-26,35,1033,-14,NE,28.6,0,0
128,2010,1,6,7,4,NA,NA,NA,20,-26,38,1034,-15,NE,33.52,0,0
129,2010,1,6,8,4,NA,NA,NA,29,-26,35,1034,-14,NE,39.33,0,0
130,2010,1,6,9,4,NA,NA,NA,34,-25,35,1035,-13,NE,44.25,0,0
131,2010,1,6,10,4,NA,NA,NA,42,-25,33,1035,-12,NE,50.06,0,0
132,2010,1,6,11,4,NA,NA,NA,28,-24,33,1035,-11,NE,54.98,0,0
133,2010,1,6,12,4,NA,NA,NA,36,-24,30,1034,-10,NE,59,0,0
134,2010,1,6,13,4,NA,NA,NA,48,-22,36,1033,-10,NW,4.02,0,0
135,2010,1,6,14,4,NA,NA,NA,49,-22,34,1033,-9,NW,5.81,0,0
136,2010,1,6,15,4,NA,NA,NA,52,-22,31,1033,-8,cv,0.89,0,0
137,2010,1,6,16,4,NA,NA,NA,56,-22,31,1033,-8,NW,1.79,0,0
138,2010,1,6,17,4,NA,NA,NA,96,-21,37,1033,-9,NW,3.58,0,0
139,2010,1,6,18,4,NA,NA,NA,75,-22,34,1033,-9,NW,5.37,0,0
140,2010,1,6,19,4,NA,NA,NA,105,-22,50,1034,-14,cv,0.89,0,0
141,2010,1,6,20,4,NA,NA,NA,132,-22,43,1035,-12,NW,1.79,0,0
142,2010,1,6,21,4,NA,NA,NA,93,-21,55,1034,-14,NW,3.58,0,0
143,2010,1,6,22,4,NA,NA,NA,131,-22,59,1035,-16,NW,5.37,0,0
144,2010,1,6,23,4,NA,NA,NA,127,-21,65,1035,-16,NW,7.16,0,0
145,2010,1,7,0,4,NA,NA,NA,130,-21,65,1035,-16,NW,8.95,0,0
146,2010,1,7,1,4,NA,NA,NA,43,-21,65,1035,-16,cv,0.45,0,0
147,2010,1,7,2,4,NA,NA,NA,37,-22,70,1036,-18,cv,1.34,0,0
148,2010,1,7,3,4,NA,NA,NA,30,-23,50,1036,-15,NW,4.02,0,0
149,2010,1,7,4,4,NA,NA,NA,28,-24,50,1035,-16,NW,7.15,0,0
150,2010,1,7,5,4,NA,NA,NA,24,-25,42,1035,-15,NW,10.28,0,0
151,2010,1,7,6,4,NA,NA,NA,23,-24,46,1035,-15,NW,14.3,0,0
152,2010,1,7,7,4,NA,NA,NA,24,-25,35,1036,-13,NE,4.92,0,0
153,2010,1,7,8,4,NA,NA,NA,27,-24,42,1036,-14,NW,4.02,0,0
154,2010,1,7,9,4,NA,NA,NA,40,-23,39,1036,-12,NW,8.94,0,0
155,2010,1,7,10,4,NA,NA,NA,42,-22,39,1036,-11,NW,12.96,0,0
156,2010,1,7,11,4,NA,NA,NA,42,-20,43,1036,-10,NW,16.09,0,0
157,2010,1,7,12,4,NA,NA,NA,55,-21,37,1035,-9,NW,19.22,0,0
158,2010,1,7,13,4,NA,NA,NA,52,-21,34,1034,-8,NW,21.01,0,0
159,2010,1,7,14,4,NA,NA,NA,51,-20,34,1033,-7,NW,22.8,0,0
160,2010,1,7,15,4,NA,NA,NA,57,-20,34,1032,-7,NW,24.59,0,0
161,2010,1,7,16,4,NA,NA,NA,50,-18,44,1032,-8,NW,26.38,0,0
162,2010,1,7,17,4,NA,NA,NA,54,-19,44,1032,-9,NW,28.17,0,0
163,2010,1,7,18,4,NA,NA,NA,67,-19,51,1032,-11,NE,0.89,0,0
164,2010,1,7,19,4,NA,NA,NA,106,-18,56,1033,-11,NW,1.79,0,0
165,2010,1,7,20,4,NA,NA,NA,159,-19,71,1032,-15,NE,1.79,0,0
166,2010,1,7,21,4,NA,NA,NA,198,-19,65,1032,-14,cv,0.45,0,0
167,2010,1,7,22,4,NA,NA,NA,190,-21,55,1032,-14,cv,1.34,0,0
168,2010,1,7,23,4,NA,NA,NA,210,-21,65,1032,-16,cv,2.23,0,0
169,2010,1,8,0,4,NA,NA,NA,195,-21,71,1031,-17,NW,1.79,0,0
170,2010,1,8,1,4,NA,NA,NA,275,-19,77,1031,-16,NW,3.58,0,0
171,2010,1,8,2,4,NA,NA,NA,164,-20,71,1031,-16,NE,0.89,0,0
172,2010,1,8,3,4,NA,NA,NA,110,-19,71,1030,-15,SE,0.89,0,0
173,2010,1,8,4,4,NA,NA,NA,100,-18,77,1030,-15,cv,0.45,0,0
174,2010,1,8,5,4,NA,NA,NA,81,-18,77,1029,-15,cv,1.34,0,0
175,2010,1,8,6,4,NA,NA,NA,71,-18,77,1029,-15,NW,1.79,0,0
176,2010,1,8,7,4,NA,NA,NA,66,-16,78,1029,-13,NE,0.89,0,0
177,2010,1,8,8,4,NA,NA,NA,92,-16,72,1029,-12,SE,0.89,0,0
178,2010,1,8,9,4,NA,NA,NA,135,-16,72,1030,-12,SE,1.78,0,0
179,2010,1,8,10,4,NA,NA,NA,155,-17,56,1030,-10,NE,0.89,0,0
180,2010,1,8,11,4,NA,NA,NA,198,-16,61,1029,-10,cv,0.89,0,0
181,2010,1,8,12,4,NA,NA,NA,250,-16,56,1028,-9,SE,3.13,0,0
182,2010,1,8,13,4,NA,NA,NA,200,-15,57,1026,-8,SE,4.92,0,0
183,2010,1,8,14,4,NA,NA,NA,231,-16,52,1026,-8,cv,0.89,0,0
184,2010,1,8,15,4,NA,NA,NA,250,-16,52,1025,-8,cv,1.78,0,0
185,2010,1,8,16,4,NA,NA,NA,212,-16,52,1025,-8,cv,2.67,0,0
186,2010,1,8,17,4,NA,NA,NA,219,-17,48,1025,-8,SE,0.89,0,0
187,2010,1,8,18,4,NA,NA,NA,227,-17,52,1026,-9,cv,0.45,0,0
188,2010,1,8,19,4,NA,NA,NA,226,-17,61,1026,-11,cv,1.34,0,0
189,2010,1,8,20,4,NA,NA,NA,225,-17,66,1026,-12,cv,1.79,0,0
190,2010,1,8,21,4,NA,NA,NA,168,-18,71,1027,-14,NW,1.79,0,0
191,2010,1,8,22,4,NA,NA,NA,169,-16,56,1027,-9,NW,4.92,0,0
192,2010,1,8,23,4,NA,NA,NA,165,-16,66,1027,-11,NW,6.71,0,0
193,2010,1,9,0,4,NA,NA,NA,159,-17,71,1027,-13,cv,0.89,0,0
194,2010,1,9,1,4,NA,NA,NA,167,-17,71,1027,-13,NW,3.13,0,0
195,2010,1,9,2,4,NA,NA,NA,196,-17,77,1027,-14,NW,4.92,0,0
196,2010,1,9,3,4,NA,NA,NA,169,-17,84,1027,-15,NW,8.05,0,0
197,2010,1,9,4,4,NA,NA,NA,155,-17,71,1027,-13,NW,9.84,0,0
198,2010,1,9,5,4,NA,NA,NA,119,-19,77,1027,-16,NW,13.86,0,0
199,2010,1,9,6,4,NA,NA,NA,106,-18,77,1027,-15,NW,17.88,0,0
200,2010,1,9,7,4,NA,NA,NA,93,-19,71,1027,-15,NW,21.9,0,0
201,2010,1,9,8,4,NA,NA,NA,84,-18,71,1028,-14,NW,25.92,0,0
202,2010,1,9,9,4,NA,NA,NA,73,-18,48,1029,-9,NE,5.81,0,0
203,2010,1,9,10,4,NA,NA,NA,66,-17,44,1029,-7,NE,11.62,0,0
204,2010,1,9,11,4,NA,NA,NA,40,-17,41,1030,-6,NE,17.43,0,0
205,2010,1,9,12,4,NA,NA,NA,49,-16,45,1029,-6,NE,23.24,0,0
206,2010,1,9,13,4,NA,NA,NA,50,-16,41,1029,-5,NE,28.16,0,0
207,2010,1,9,14,4,NA,NA,NA,49,-15,42,1029,-4,NE,33.08,0,0
208,2010,1,9,15,4,NA,NA,NA,41,-14,45,1028,-4,NE,37.1,0,0
209,2010,1,9,16,4,NA,NA,NA,37,-15,42,1029,-4,NE,38.89,0,0
210,2010,1,9,17,4,NA,NA,NA,45,-15,42,1030,-4,NW,1.79,0,0
211,2010,1,9,18,4,NA,NA,NA,44,-15,52,1030,-7,NE,3.13,0,0
212,2010,1,9,19,4,NA,NA,NA,54,-15,48,1031,-6,NW,3.13,0,0
213,2010,1,9,20,4,NA,NA,NA,50,-15,52,1032,-7,NW,4.92,0,0
214,2010,1,9,21,4,NA,NA,NA,47,-15,48,1032,-6,NE,3.13,0,0
215,2010,1,9,22,4,NA,NA,NA,66,-15,57,1033,-8,cv,0.45,0,0
216,2010,1,9,23,4,NA,NA,NA,75,-15,57,1033,-8,cv,0.9,0,0
217,2010,1,10,0,4,NA,NA,NA,82,-15,72,1033,-11,NW,0.89,0,0
218,2010,1,10,1,4,NA,NA,NA,66,-17,71,1033,-13,NW,1.78,0,0
219,2010,1,10,2,4,NA,NA,NA,83,-17,66,1033,-12,NW,4.91,0,0
220,2010,1,10,3,4,NA,NA,NA,62,-17,71,1033,-13,NW,8.04,0,0
221,2010,1,10,4,4,NA,NA,NA,40,-19,65,1032,-14,NW,9.83,0,0
222,2010,1,10,5,4,NA,NA,NA,23,-18,66,1032,-13,NW,12.96,0,0
223,2010,1,10,6,4,NA,NA,NA,25,-19,60,1032,-13,NW,16.09,0,0
224,2010,1,10,7,4,NA,NA,NA,27,-19,65,1033,-14,NW,19.22,0,0
225,2010,1,10,8,4,NA,NA,NA,35,-19,65,1034,-14,NW,22.35,0,0
226,2010,1,10,9,4,NA,NA,NA,50,-17,66,1033,-12,NW,24.14,0,0
227,2010,1,10,10,4,NA,NA,NA,70,-16,48,1033,-7,NE,4.02,0,0
228,2010,1,10,11,4,NA,NA,NA,75,-15,52,1033,-7,NW,3.13,0,0
229,2010,1,10,12,4,NA,NA,NA,58,-15,52,1032,-7,NW,6.26,0,0
230,2010,1,10,13,4,NA,NA,NA,70,-14,53,1031,-6,NW,9.39,0,0
231,2010,1,10,14,4,NA,NA,NA,68,-14,53,1031,-6,NW,12.52,0,0
232,2010,1,10,15,4,NA,NA,NA,71,-13,53,1030,-5,NW,14.31,0,0
233,2010,1,10,16,4,NA,NA,NA,88,-14,49,1031,-5,NW,16.1,0,0
234,2010,1,10,17,4,NA,NA,NA,84,-14,53,1031,-6,NW,19.23,0,0
235,2010,1,10,18,4,NA,NA,NA,83,-13,62,1032,-7,NW,23.25,0,0
236,2010,1,10,19,4,NA,NA,NA,66,-15,48,1032,-6,NW,27.27,0,0
237,2010,1,10,20,4,NA,NA,NA,27,-15,48,1033,-6,NW,30.4,0,0
238,2010,1,10,21,4,NA,NA,NA,24,-15,42,1034,-4,NW,35.32,0,0
239,2010,1,10,22,4,NA,NA,NA,22,-16,38,1034,-4,NW,44.26,0,0
240,2010,1,10,23,4,NA,NA,NA,23,-17,38,1035,-5,NW,52.31,0,0
241,2010,1,11,0,4,NA,NA,NA,27,-17,41,1035,-6,NW,60.36,0,0
242,2010,1,11,1,4,NA,NA,NA,23,-17,48,1035,-8,cv,0.89,0,0
243,2010,1,11,2,4,NA,NA,NA,17,-19,51,1036,-11,NW,4.02,0,0
244,2010,1,11,3,4,NA,NA,NA,17,-20,47,1036,-11,NW,8.94,0,0
245,2010,1,11,4,4,NA,NA,NA,16,-21,43,1035,-11,NE,4.02,0,0
246,2010,1,11,5,4,NA,NA,NA,16,-22,43,1035,-12,NW,3.13,0,0
247,2010,1,11,6,4,NA,NA,NA,20,-22,43,1035,-12,NE,4.92,0,0
248,2010,1,11,7,4,NA,NA,NA,20,-22,46,1036,-13,NW,5.81,0,0
249,2010,1,11,8,4,NA,NA,NA,18,-22,34,1036,-9,NW,13.86,0,0
250,2010,1,11,9,4,NA,NA,NA,25,-22,36,1036,-10,NW,21.91,0,0
251,2010,1,11,10,4,NA,NA,NA,26,-22,34,1036,-9,NW,29.06,0,0
252,2010,1,11,11,4,NA,NA,NA,27,-21,37,1036,-9,NW,33.08,0,0
253,2010,1,11,12,4,NA,NA,NA,28,-20,32,1035,-6,NW,42.02,0,0
254,2010,1,11,13,4,NA,NA,NA,15,-19,32,1034,-5,NW,50.96,0,0
255,2010,1,11,14,4,NA,NA,NA,24,-19,32,1033,-5,NW,59.01,0,0
256,2010,1,11,15,4,NA,NA,NA,13,-20,29,1033,-5,NW,66.16,0,0
257,2010,1,11,16,4,NA,NA,NA,13,-20,29,1032,-5,NW,71.97,0,0
258,2010,1,11,17,4,NA,NA,NA,13,-20,29,1033,-5,NW,76.89,0,0
259,2010,1,11,18,4,NA,NA,NA,17,-20,34,1033,-7,NW,81.81,0,0
260,2010,1,11,19,4,NA,NA,NA,20,-22,29,1033,-7,NW,85.83,0,0
261,2010,1,11,20,4,NA,NA,NA,27,-22,31,1033,-8,NW,89.85,0,0
262,2010,1,11,21,4,NA,NA,NA,20,-23,33,1033,-10,NW,91.64,0,0
263,2010,1,11,22,4,NA,NA,NA,15,-23,42,1033,-13,NW,93.43,0,0
264,2010,1,11,23,4,NA,NA,NA,21,-22,43,1032,-12,cv,0.89,0,0
265,2010,1,12,0,4,NA,NA,NA,21,-22,55,1031,-15,cv,1.78,0,0
266,2010,1,12,1,4,NA,NA,NA,37,-22,50,1031,-14,NE,1.79,0,0
267,2010,1,12,2,4,NA,NA,NA,26,-22,50,1031,-14,NW,0.89,0,0
268,2010,1,12,3,4,NA,NA,NA,15,-24,59,1030,-18,NE,1.79,0,0
269,2010,1,12,4,4,NA,NA,NA,9,-24,39,1030,-13,NE,3.58,0,0
270,2010,1,12,5,4,NA,NA,NA,11,-25,38,1030,-14,NW,3.13,0,0
271,2010,1,12,6,4,NA,NA,NA,11,-24,42,1030,-14,NW,7.15,0,0
272,2010,1,12,7,4,NA,NA,NA,16,-25,33,1030,-12,NW,12.96,0,0
273,2010,1,12,8,4,NA,NA,NA,13,-26,35,1030,-14,NW,16.98,0,0
274,2010,1,12,9,4,NA,NA,NA,15,-25,33,1031,-12,NW,21,0,0
275,2010,1,12,10,4,NA,NA,NA,21,-25,30,1031,-11,NW,26.81,0,0
276,2010,1,12,11,4,NA,NA,NA,24,-24,33,1030,-11,NW,35.75,0,0
277,2010,1,12,12,4,NA,NA,NA,22,-23,36,1029,-11,NW,47.82,0,0
278,2010,1,12,13,4,NA,NA,NA,22,-22,39,1029,-11,NW,63.02,0,0
279,2010,1,12,14,4,NA,NA,NA,22,-23,36,1029,-11,NW,75.98,0,0
280,2010,1,12,15,4,NA,NA,NA,19,-22,39,1029,-11,NW,88.05,0,0
281,2010,1,12,16,4,NA,NA,NA,23,-23,36,1030,-11,NW,101.01,0,0
282,2010,1,12,17,4,NA,NA,NA,25,-24,33,1030,-11,NW,109.06,0,0
283,2010,1,12,18,4,NA,NA,NA,25,-24,33,1032,-11,NW,118,0,0
284,2010,1,12,19,4,NA,NA,NA,31,-23,36,1032,-11,NW,126.05,0,0
285,2010,1,12,20,4,NA,NA,NA,25,-23,39,1032,-12,NW,134.1,0,0
286,2010,1,12,21,4,NA,NA,NA,22,-24,36,1033,-12,NW,142.15,0,0
287,2010,1,12,22,4,NA,NA,NA,22,-23,39,1033,-12,NW,150.2,0,0
288,2010,1,12,23,4,NA,NA,NA,15,-23,39,1034,-12,NW,160.03,0,0
289,2010,1,13,0,4,NA,NA,NA,16,-24,36,1034,-12,NW,169.86,0,0
290,2010,1,13,1,4,NA,NA,NA,11,-24,36,1033,-12,NW,178.8,0,0
291,2010,1,13,2,4,NA,NA,NA,11,-25,33,1033,-12,NW,189.98,0,0
292,2010,1,13,3,4,NA,NA,NA,12,-24,39,1033,-13,NW,198.03,0,0
293,2010,1,13,4,4,NA,NA,NA,11,-25,33,1032,-12,NW,205.18,0,0
294,2010,1,13,5,4,NA,NA,NA,12,-25,33,1033,-12,NW,215.01,0,0
295,2010,1,13,6,4,NA,NA,NA,27,-25,33,1032,-12,NW,226.19,0,0
296,2010,1,13,7,4,NA,NA,NA,28,-25,33,1032,-12,NW,235.13,0,0
297,2010,1,13,8,4,NA,NA,NA,34,-25,33,1032,-12,NW,243.18,0,0
298,2010,1,13,9,4,NA,NA,NA,33,-23,36,1033,-11,NW,252.12,0,0
299,2010,1,13,10,4,NA,NA,NA,36,-23,33,1033,-10,NW,257.93,0,0
300,2010,1,13,11,4,NA,NA,NA,26,-22,34,1033,-9,NW,263.74,0,0
301,2010,1,13,12,4,NA,NA,NA,49,-21,34,1031,-8,NW,270.89,0,0
302,2010,1,13,13,4,NA,NA,NA,52,-21,29,1030,-6,NW,278.94,0,0
303,2010,1,13,14,4,NA,NA,NA,47,-20,29,1029,-5,NW,286.99,0,0
304,2010,1,13,15,4,NA,NA,NA,47,-22,24,1028,-5,NW,294.14,0,0
305,2010,1,13,16,4,NA,NA,NA,39,-21,27,1028,-5,NW,299.06,0,0
306,2010,1,13,17,4,NA,NA,NA,59,-19,37,1028,-7,SE,1.79,0,0
307,2010,1,13,18,4,NA,NA,NA,76,-19,40,1028,-8,cv,0.45,0,0
308,2010,1,13,19,4,NA,NA,NA,96,-20,40,1028,-9,cv,1.34,0,0
309,2010,1,13,20,4,NA,NA,NA,95,-19,47,1027,-10,SE,1.79,0,0
310,2010,1,13,21,4,NA,NA,NA,68,-19,60,1027,-13,cv,0.89,0,0
311,2010,1,13,22,4,NA,NA,NA,65,-18,60,1027,-12,cv,1.78,0,0
312,2010,1,13,23,4,NA,NA,NA,75,-18,66,1027,-13,NE,0.89,0,0
313,2010,1,14,0,4,NA,NA,NA,257,-18,71,1026,-14,NE,1.78,0,0
314,2010,1,14,1,4,NA,NA,NA,174,-20,65,1025,-15,NE,2.67,0,0
315,2010,1,14,2,4,NA,NA,NA,164,-20,65,1025,-15,NW,0.89,0,0
316,2010,1,14,3,4,NA,NA,NA,161,-20,71,1025,-16,NW,1.78,0,0
317,2010,1,14,4,4,NA,NA,NA,137,-20,71,1024,-16,NW,3.57,0,0
318,2010,1,14,5,4,NA,NA,NA,92,-21,71,1024,-17,NW,6.7,0,0
319,2010,1,14,6,4,NA,NA,NA,64,-19,65,1023,-14,NW,10.72,0,0
320,2010,1,14,7,4,NA,NA,NA,87,-21,71,1023,-17,NW,13.85,0,0
321,2010,1,14,8,4,NA,NA,NA,87,-19,71,1024,-15,NW,15.64,0,0
322,2010,1,14,9,4,NA,NA,NA,84,-19,65,1024,-14,NW,18.77,0,0
323,2010,1,14,10,4,NA,NA,NA,95,-18,51,1024,-10,NW,22.79,0,0
324,2010,1,14,11,4,NA,NA,NA,79,-17,52,1023,-9,NW,24.58,0,0
325,2010,1,14,12,4,NA,NA,NA,75,-16,45,1023,-6,NW,26.37,0,0
326,2010,1,14,13,4,NA,NA,NA,79,-17,38,1022,-5,NW,28.16,0,0
327,2010,1,14,14,4,NA,NA,NA,86,-16,41,1022,-5,NW,29.95,0,0
328,2010,1,14,15,4,NA,NA,NA,72,-15,42,1022,-4,NW,33.08,0,0
329,2010,1,14,16,4,NA,NA,NA,89,-16,38,1023,-4,cv,0.89,0,0
330,2010,1,14,17,4,NA,NA,NA,94,-15,45,1025,-5,SE,1.79,0,0
331,2010,1,14,18,4,NA,NA,NA,69,-14,42,1026,-3,NW,5.81,0,0
332,2010,1,14,19,4,NA,NA,NA,49,-16,35,1027,-3,NW,11.62,0,0
333,2010,1,14,20,4,NA,NA,NA,33,-15,42,1029,-4,NW,20.56,0,0
334,2010,1,14,21,4,NA,NA,NA,27,-16,41,1031,-5,NW,24.58,0,0
335,2010,1,14,22,4,NA,NA,NA,20,-17,41,1032,-6,NE,3.13,0,0
336,2010,1,14,23,4,NA,NA,NA,36,-18,38,1033,-6,NE,8.05,0,0
337,2010,1,15,0,4,NA,NA,NA,37,-19,37,1034,-7,NE,13.86,0,0
338,2010,1,15,1,4,NA,NA,NA,30,-17,48,1035,-8,NW,5.81,0,0
339,2010,1,15,2,4,NA,NA,NA,18,-18,51,1035,-10,NW,11.62,0,0
340,2010,1,15,3,4,NA,NA,NA,21,-19,47,1036,-10,NW,14.75,0,0
341,2010,1,15,4,4,NA,NA,NA,13,-19,40,1036,-9,NW,19.67,0,0
342,2010,1,15,5,4,NA,NA,NA,23,-19,40,1036,-9,NE,7.15,0,0
343,2010,1,15,6,4,NA,NA,NA,26,-20,40,1037,-9,NE,12.96,0,0
344,2010,1,15,7,4,NA,NA,NA,27,-19,44,1037,-9,NE,18.77,0,0
345,2010,1,15,8,4,NA,NA,NA,30,-19,40,1038,-8,NE,22.79,0,0
346,2010,1,15,9,4,NA,NA,NA,28,-19,40,1039,-8,NE,28.6,0,0
347,2010,1,15,10,4,NA,NA,NA,26,-19,37,1039,-7,NE,35.75,0,0
348,2010,1,15,11,4,NA,NA,NA,26,-18,38,1039,-6,NE,41.56,0,0
349,2010,1,15,12,4,NA,NA,NA,31,-18,35,1039,-5,NE,45.58,0,0
350,2010,1,15,13,4,NA,NA,NA,35,-17,35,1038,-4,NW,1.79,0,0
351,2010,1,15,14,4,NA,NA,NA,36,-16,35,1037,-3,cv,0.89,0,0
352,2010,1,15,15,4,NA,NA,NA,37,-17,33,1037,-3,cv,1.78,0,0
353,2010,1,15,16,4,NA,NA,NA,64,-17,30,1037,-2,cv,2.23,0,0
354,2010,1,15,17,4,NA,NA,NA,83,-15,45,1036,-5,SE,0.89,0,0
355,2010,1,15,18,4,NA,NA,NA,91,-15,48,1036,-6,cv,0.89,0,0
356,2010,1,15,19,4,NA,NA,NA,90,-15,48,1037,-6,cv,1.78,0,0
357,2010,1,15,20,4,NA,NA,NA,102,-14,53,1037,-6,SE,1.79,0,0
358,2010,1,15,21,4,NA,NA,NA,94,-14,61,1036,-8,SE,3.58,0,0
359,2010,1,15,22,4,NA,NA,NA,87,-14,72,1037,-10,cv,0.89,0,0
360,2010,1,15,23,4,NA,NA,NA,141,-15,78,1036,-11,cv,1.78,0,0
361,2010,1,16,0,4,NA,NA,NA,211,-15,72,1036,-11,cv,2.67,0,0
362,2010,1,16,1,4,NA,NA,NA,242,-16,78,1036,-13,NE,0.89,0,0
363,2010,1,16,2,4,NA,NA,NA,271,-16,72,1036,-12,cv,0.89,0,0
364,2010,1,16,3,4,NA,NA,NA,249,-16,78,1035,-13,NE,0.89,0,0
365,2010,1,16,4,4,NA,NA,NA,200,-15,78,1035,-12,NE,1.78,0,0
366,2010,1,16,5,4,NA,NA,NA,147,-14,72,1034,-10,NW,1.79,0,0
367,2010,1,16,6,4,NA,NA,NA,114,-15,66,1034,-10,NW,2.68,0,0
368,2010,1,16,7,4,NA,NA,NA,102,-15,72,1034,-11,NW,4.47,0,0
369,2010,1,16,8,4,NA,NA,NA,108,-15,72,1034,-11,NW,6.26,0,0
370,2010,1,16,9,4,NA,NA,NA,135,-14,67,1034,-9,NW,8.05,0,0
371,2010,1,16,10,4,NA,NA,NA,120,-14,67,1034,-9,NW,9.84,0,0
372,2010,1,16,11,4,NA,NA,NA,148,-13,57,1034,-6,cv,0.89,0,0
373,2010,1,16,12,4,NA,NA,NA,127,-13,53,1033,-5,NW,1.79,0,0
374,2010,1,16,13,4,NA,NA,NA,128,-12,53,1031,-4,cv,0.89,0,0
375,2010,1,16,14,4,NA,NA,NA,140,-12,49,1031,-3,cv,1.78,0,0
376,2010,1,16,15,4,NA,NA,NA,148,-12,49,1030,-3,cv,2.67,0,0
377,2010,1,16,16,4,NA,NA,NA,150,-11,53,1030,-3,cv,3.56,0,0
378,2010,1,16,17,4,NA,NA,NA,154,-11,58,1031,-4,NE,0.89,0,0
379,2010,1,16,18,4,NA,NA,NA,197,-12,67,1031,-7,cv,0.89,0,0
380,2010,1,16,19,4,NA,NA,NA,235,-12,67,1032,-7,cv,1.78,0,0
381,2010,1,16,20,4,NA,NA,NA,261,-12,72,1032,-8,cv,2.23,0,0
382,2010,1,16,21,4,NA,NA,NA,269,-12,78,1032,-9,cv,3.12,0,0
383,2010,1,16,22,4,NA,NA,NA,266,-13,85,1032,-11,NW,0.89,0,0
384,2010,1,16,23,4,NA,NA,NA,263,-14,78,1032,-11,NW,2.68,0,0
385,2010,1,17,0,4,NA,NA,NA,241,-15,78,1032,-12,NW,5.81,0,0
386,2010,1,17,1,4,NA,NA,NA,205,-14,78,1032,-11,cv,0.45,0,0
387,2010,1,17,2,4,NA,NA,NA,160,-14,78,1031,-11,cv,1.34,0,0
388,2010,1,17,3,4,NA,NA,NA,150,-14,85,1031,-12,NW,1.79,0,0
389,2010,1,17,4,4,NA,NA,NA,148,-14,78,1031,-12,NW,3.58,0,0
390,2010,1,17,5,4,NA,NA,NA,208,-14,72,1030,-10,NW,6.71,0,0
391,2010,1,17,6,4,NA,NA,NA,209,-14,78,1030,-11,NW,9.84,0,0
392,2010,1,17,7,4,NA,NA,NA,183,-15,66,1030,-10,NW,11.63,0,0
393,2010,1,17,8,4,NA,NA,NA,161,-13,78,1030,-10,NW,14.76,0,0
394,2010,1,17,9,4,NA,NA,NA,182,-13,67,1030,-8,NW,17.89,0,0
395,2010,1,17,10,4,NA,NA,NA,230,-12,62,1030,-6,cv,0.45,0,0
396,2010,1,17,11,4,NA,NA,NA,170,-11,62,1030,-5,cv,1.34,0,0
397,2010,1,17,12,4,NA,NA,NA,172,-11,58,1029,-4,cv,2.23,0,0
398,2010,1,17,13,4,NA,NA,NA,154,-11,53,1028,-3,cv,3.12,0,0
399,2010,1,17,14,4,NA,NA,NA,166,-10,50,1027,-1,cv,4.01,0,0
400,2010,1,17,15,4,NA,NA,NA,177,-11,46,1027,-1,cv,4.46,0,0
401,2010,1,17,16,4,NA,NA,NA,191,-10,50,1026,-1,SE,0.89,0,0
402,2010,1,17,17,4,NA,NA,NA,212,-10,58,1026,-3,SE,1.78,0,0
403,2010,1,17,18,4,NA,NA,NA,250,-10,67,1027,-5,SE,2.67,0,0
404,2010,1,17,19,4,NA,NA,NA,268,-10,73,1027,-6,NE,0.89,0,0
405,2010,1,17,20,4,NA,NA,NA,317,-11,73,1027,-7,cv,0.45,0,0
406,2010,1,17,21,4,NA,NA,NA,291,-10,79,1027,-7,cv,0.9,0,0
407,2010,1,17,22,4,NA,NA,NA,313,-11,85,1027,-9,cv,1.35,0,0
408,2010,1,17,23,4,NA,NA,NA,282,-12,78,1027,-9,NE,0.89,0,0
409,2010,1,18,0,4,NA,NA,NA,282,-12,85,1028,-10,cv,0.89,0,0
410,2010,1,18,1,4,NA,NA,NA,303,-13,85,1028,-11,NW,3.13,0,0
411,2010,1,18,2,4,NA,NA,NA,349,-11,85,1028,-9,NW,4.92,0,0
412,2010,1,18,3,4,NA,NA,NA,407,-13,78,1028,-10,NW,6.71,0,0
413,2010,1,18,4,4,NA,NA,NA,361,-13,85,1028,-11,NW,7.6,0,0
414,2010,1,18,5,4,NA,NA,NA,234,-13,85,1027,-11,NE,1.79,0,0
415,2010,1,18,6,4,NA,NA,NA,149,-14,78,1028,-11,NW,0.89,0,0
416,2010,1,18,7,4,NA,NA,NA,147,-14,78,1028,-11,NW,4.02,0,0
417,2010,1,18,8,4,NA,NA,NA,184,-14,78,1028,-11,NW,5.81,0,0
418,2010,1,18,9,4,NA,NA,NA,161,-11,67,1028,-6,NW,9.83,0,0
419,2010,1,18,10,4,NA,NA,NA,137,-10,67,1028,-5,NW,11.62,0,0
420,2010,1,18,11,4,NA,NA,NA,146,-9,63,1028,-3,NW,13.41,0,0
421,2010,1,18,12,4,NA,NA,NA,144,-8,58,1027,-1,NW,15.2,0,0
422,2010,1,18,13,4,NA,NA,NA,154,-9,50,1026,0,NW,16.99,0,0
423,2010,1,18,14,4,NA,NA,NA,173,-9,47,1025,1,NE,1.79,0,0
424,2010,1,18,15,4,NA,NA,NA,188,-9,47,1025,1,cv,0.89,0,0
425,2010,1,18,16,4,NA,NA,NA,203,-8,50,1025,1,SE,0.89,0,0
426,2010,1,18,17,4,NA,NA,NA,233,-7,63,1025,-1,SE,2.68,0,0
427,2010,1,18,18,4,NA,NA,NA,408,-7,68,1025,-2,cv,0.89,0,0
428,2010,1,18,19,4,NA,NA,NA,435,-7,73,1025,-3,SE,0.89,0,0
429,2010,1,18,20,4,NA,NA,NA,403,-5,79,1026,-2,cv,0.89,0,0
430,2010,1,18,21,4,NA,NA,NA,360,-5,74,1026,-1,NW,1.79,0,0
431,2010,1,18,22,4,NA,NA,NA,402,-5,74,1026,-1,NW,3.58,0,0
432,2010,1,18,23,4,NA,NA,NA,358,-6,68,1026,-1,cv,0.89,0,0
433,2010,1,19,0,4,NA,NA,NA,383,-4,80,1025,-1,NW,1.79,0,0
434,2010,1,19,1,4,NA,NA,NA,332,-5,74,1024,-1,NW,4.92,0,0
435,2010,1,19,2,4,NA,NA,NA,274,-5,74,1024,-1,NW,6.71,0,0
436,2010,1,19,3,4,NA,NA,NA,256,-5,74,1023,-1,NW,8.5,0,0
437,2010,1,19,4,4,NA,NA,NA,302,-4,80,1022,-1,NW,10.29,0,0
438,2010,1,19,5,4,NA,NA,NA,330,-4,80,1021,-1,NW,11.18,0,0
439,2010,1,19,6,4,NA,NA,NA,367,-4,80,1021,-1,NW,12.07,0,0
440,2010,1,19,7,4,NA,NA,NA,297,-4,80,1021,-1,NW,13.86,0,0
441,2010,1,19,8,4,NA,NA,NA,331,-4,74,1021,0,cv,0.89,0,0
442,2010,1,19,9,4,NA,NA,NA,323,-4,74,1021,0,NW,1.79,0,0
443,2010,1,19,10,4,NA,NA,NA,339,-4,74,1021,0,cv,0.89,0,0
444,2010,1,19,11,4,NA,NA,NA,301,-5,64,1021,1,NW,1.79,0,0
445,2010,1,19,12,4,NA,NA,NA,310,-5,64,1020,1,cv,0.89,0,0
446,2010,1,19,13,4,NA,NA,NA,305,-4,69,1019,1,cv,1.34,0,0
447,2010,1,19,14,4,NA,NA,NA,313,-4,69,1018,1,NE,0.89,0,0
448,2010,1,19,15,4,NA,NA,NA,336,-3,69,1018,2,cv,0.45,0,0
449,2010,1,19,16,4,NA,NA,NA,357,-3,69,1018,2,cv,1.34,0,0
450,2010,1,19,17,4,NA,NA,NA,485,-2,74,1018,2,NE,0.89,0,0
451,2010,1,19,18,4,NA,NA,NA,426,-3,74,1018,1,cv,0.89,0,0
452,2010,1,19,19,4,NA,NA,NA,403,-3,69,1020,2,NW,1.79,0,0
453,2010,1,19,20,4,NA,NA,NA,374,-3,74,1020,1,NW,4.92,0,0
454,2010,1,19,21,4,NA,NA,NA,333,-3,80,1021,0,NW,6.71,0,0
455,2010,1,19,22,4,NA,NA,NA,343,-3,80,1021,0,NW,8.5,0,0
456,2010,1,19,23,4,NA,NA,NA,364,-3,74,1020,1,NW,11.63,0,0
457,2010,1,20,0,4,NA,NA,NA,389,-2,86,1021,0,NW,14.76,0,0
458,2010,1,20,1,4,NA,NA,NA,368,-2,92,1022,-1,NW,16.55,0,0
459,2010,1,20,2,4,NA,NA,NA,267,-4,86,1022,-2,NW,19.68,0,0
460,2010,1,20,3,4,NA,NA,NA,71,-2,92,1023,-1,NW,25.49,0,0
461,2010,1,20,4,4,NA,NA,NA,81,-3,74,1023,1,NW,28.62,0,0
462,2010,1,20,5,4,NA,NA,NA,51,-3,80,1024,0,NW,31.75,0,0
463,2010,1,20,6,4,NA,NA,NA,49,-5,59,1026,2,NW,36.67,0,0
464,2010,1,20,7,4,NA,NA,NA,44,-9,47,1027,1,NW,41.59,0,0
465,2010,1,20,8,4,NA,NA,NA,45,-10,46,1028,0,NW,48.74,0,0
466,2010,1,20,9,4,NA,NA,NA,35,-10,46,1030,0,NW,55.89,0,0
467,2010,1,20,10,4,NA,NA,NA,29,-11,40,1032,1,NW,63.04,0,0
468,2010,1,20,11,4,NA,NA,NA,27,-13,36,1033,0,NW,71.09,0,0
469,2010,1,20,12,4,NA,NA,NA,29,-13,36,1033,0,NW,78.24,0,0
470,2010,1,20,13,4,NA,NA,NA,16,-13,39,1033,-1,NE,8.05,0,0
471,2010,1,20,14,4,NA,NA,NA,23,-13,39,1032,-1,NW,7.15,0,0
472,2010,1,20,15,4,NA,NA,NA,28,-15,33,1032,-1,NE,5.81,0,0
473,2010,1,20,16,4,NA,NA,NA,22,-14,36,1033,-1,NW,5.81,0,0
474,2010,1,20,17,4,NA,NA,NA,11,-15,36,1033,-2,NW,12.96,0,0
475,2010,1,20,18,4,NA,NA,NA,25,-16,35,1034,-3,NW,21.01,0,0
476,2010,1,20,19,4,NA,NA,NA,16,-17,35,1035,-4,NW,28.16,0,0
477,2010,1,20,20,4,NA,NA,NA,20,-19,27,1036,-3,NW,37.99,0,0
478,2010,1,20,21,4,NA,NA,NA,20,-18,32,1037,-4,NW,46.93,0,0
479,2010,1,20,22,4,NA,NA,NA,18,-19,30,1038,-4,NW,55.87,0,0
480,2010,1,20,23,4,NA,NA,NA,18,-19,32,1038,-5,NW,65.7,0,0
481,2010,1,21,0,4,NA,NA,NA,17,-20,32,1038,-6,NW,75.53,0,0
482,2010,1,21,1,4,NA,NA,NA,17,-20,32,1038,-6,NW,85.36,0,0
483,2010,1,21,2,4,NA,NA,NA,17,-20,34,1038,-7,NW,95.19,0,0
484,2010,1,21,3,4,NA,NA,NA,15,-22,31,1038,-8,NW,103.24,0,0
485,2010,1,21,4,4,NA,NA,NA,19,-23,28,1038,-8,NW,111.29,0,0
486,2010,1,21,5,4,NA,NA,NA,16,-24,28,1038,-9,NW,118.44,0,0
487,2010,1,21,6,4,NA,NA,NA,18,-24,28,1038,-9,NW,128.27,0,0
488,2010,1,21,7,4,NA,NA,NA,18,-25,26,1038,-9,NW,138.1,0,0
489,2010,1,21,8,4,NA,NA,NA,18,-25,24,1039,-8,NW,147.04,0,0
490,2010,1,21,9,4,NA,NA,NA,26,-25,24,1039,-8,NW,155.98,0,0
491,2010,1,21,10,4,NA,NA,NA,26,-22,29,1039,-7,NW,160.9,0,0
492,2010,1,21,11,4,NA,NA,NA,25,-22,29,1038,-7,NE,3.13,0,0
493,2010,1,21,12,4,NA,NA,NA,24,-22,24,1037,-5,NW,4.02,0,0
494,2010,1,21,13,4,NA,NA,NA,15,-21,27,1035,-5,NE,3.13,0,0
495,2010,1,21,14,4,NA,NA,NA,17,-21,25,1034,-4,SE,1.79,0,0
496,2010,1,21,15,4,NA,NA,NA,15,-20,25,1034,-3,NE,1.79,0,0
497,2010,1,21,16,4,NA,NA,NA,21,-21,21,1033,-2,NW,4.92,0,0
498,2010,1,21,17,4,NA,NA,NA,40,-20,23,1033,-2,NW,10.73,0,0
499,2010,1,21,18,4,NA,NA,NA,51,-20,23,1034,-2,NW,15.65,0,0
500,2010,1,21,19,4,NA,NA,NA,45,-19,27,1034,-3,NW,21.46,0,0
501,2010,1,21,20,4,NA,NA,NA,61,-19,27,1035,-3,NW,25.48,0,0
502,2010,1,21,21,4,NA,NA,NA,72,-17,48,1035,-8,NE,0.89,0,0
503,2010,1,21,22,4,NA,NA,NA,38,-18,48,1035,-9,NW,1.79,0,0
504,2010,1,21,23,4,NA,NA,NA,35,-18,48,1035,-9,NW,3.58,0,0
505,2010,1,22,0,4,NA,NA,NA,29,-18,38,1036,-6,NW,7.6,0,0
506,2010,1,22,1,4,NA,NA,NA,26,-20,27,1037,-4,NW,17.43,0,0
507,2010,1,22,2,4,NA,NA,NA,18,-21,27,1037,-5,NW,27.26,0,0
508,2010,1,22,3,4,NA,NA,NA,15,-21,29,1037,-6,NW,35.31,0,0
509,2010,1,22,4,4,NA,NA,NA,15,-20,34,1036,-7,NW,42.46,0,0
510,2010,1,22,5,4,NA,NA,NA,22,-20,34,1035,-7,NW,48.27,0,0
511,2010,1,22,6,4,NA,NA,NA,21,-20,34,1035,-7,NW,54.08,0,0
512,2010,1,22,7,4,NA,NA,NA,19,-20,34,1036,-7,NW,59,0,0
513,2010,1,22,8,4,NA,NA,NA,22,-19,37,1036,-7,NW,63.92,0,0
514,2010,1,22,9,4,NA,NA,NA,25,-20,29,1036,-5,NW,67.94,0,0
515,2010,1,22,10,4,NA,NA,NA,22,-19,30,1036,-4,NW,75.09,0,0
516,2010,1,22,11,4,NA,NA,NA,26,-19,30,1036,-4,NW,84.03,0,0
517,2010,1,22,12,4,NA,NA,NA,32,-19,27,1035,-3,NW,95.21,0,0
518,2010,1,22,13,4,NA,NA,NA,30,-18,30,1034,-3,NW,105.04,0,0
519,2010,1,22,14,4,NA,NA,NA,32,-19,25,1033,-2,NW,114.87,0,0
520,2010,1,22,15,4,NA,NA,NA,30,-18,28,1032,-2,NW,124.7,0,0
521,2010,1,22,16,4,NA,NA,NA,32,-18,28,1032,-2,NW,133.64,0,0
522,2010,1,22,17,4,NA,NA,NA,37,-18,28,1032,-2,NW,139.45,0,0
523,2010,1,22,18,4,NA,NA,NA,49,-18,30,1032,-3,NW,144.37,0,0
524,2010,1,22,19,4,NA,NA,NA,47,-17,38,1033,-5,NW,149.29,0,0
525,2010,1,22,20,4,NA,NA,NA,39,-18,32,1033,-4,NW,153.31,0,0
526,2010,1,22,21,4,NA,NA,NA,35,-17,35,1032,-4,NW,159.12,0,0
527,2010,1,22,22,4,NA,NA,NA,48,-17,35,1032,-4,NW,164.04,0,0
528,2010,1,22,23,4,NA,NA,NA,49,-17,44,1032,-7,NW,168.06,0,0
529,2010,1,23,0,4,NA,NA,NA,24,-17,35,1033,-4,NW,172.08,0,0
530,2010,1,23,1,4,NA,NA,NA,23,-17,48,1033,-8,cv,0.89,0,0
531,2010,1,23,2,4,NA,NA,NA,20,-17,38,1032,-5,NW,4.92,0,0
532,2010,1,23,3,4,NA,NA,NA,19,-18,38,1032,-6,NW,8.05,0,0
533,2010,1,23,4,4,NA,NA,NA,16,-18,35,1031,-5,NW,12.97,0,0
534,2010,1,23,5,4,NA,NA,NA,22,-18,38,1031,-6,NW,16.1,0,0
535,2010,1,23,6,4,NA,NA,NA,24,-18,41,1031,-7,NW,20.12,0,0
536,2010,1,23,7,4,NA,NA,NA,24,-18,41,1031,-7,NW,24.14,0,0
537,2010,1,23,8,4,NA,NA,NA,41,-18,38,1031,-6,NW,25.93,0,0
538,2010,1,23,9,4,NA,NA,NA,23,-18,28,1031,-2,NW,30.85,0,0
539,2010,1,23,10,4,NA,NA,NA,19,-17,28,1031,-1,NW,38.9,0,0
540,2010,1,23,11,4,NA,NA,NA,15,-17,26,1030,0,NW,46.95,0,0
541,2010,1,23,12,4,NA,NA,NA,19,-19,20,1029,1,NW,55,0,0
542,2010,1,23,13,4,NA,NA,NA,17,-20,17,1027,2,NW,63.05,0,0
543,2010,1,23,14,4,NA,NA,NA,17,-19,19,1025,2,NW,71.1,0,0
544,2010,1,23,15,4,NA,NA,NA,22,-19,18,1024,3,NW,79.15,0,0
545,2010,1,23,16,4,NA,NA,NA,NA,-19,18,1024,3,NW,86.3,0,0
546,2010,1,23,17,4,NA,NA,NA,NA,-18,21,1024,2,NW,91.22,0,0
547,2010,1,23,18,4,NA,NA,NA,NA,-18,22,1024,1,NW,96.14,0,0
548,2010,1,23,19,4,NA,NA,NA,NA,-17,26,1024,0,NW,100.16,0,0
549,2010,1,23,20,4,NA,NA,NA,NA,-18,24,1024,0,SE,1.79,0,0
550,2010,1,23,21,4,NA,NA,NA,NA,-15,39,1024,-3,cv,0.89,0,0
551,2010,1,23,22,4,NA,NA,NA,NA,-16,28,1023,0,NW,1.79,0,0
552,2010,1,23,23,4,NA,NA,NA,NA,-16,28,1023,0,NW,4.92,0,0
553,2010,1,24,0,4,NA,NA,NA,NA,-15,36,1022,-2,NW,6.71,0,0
554,2010,1,24,1,4,NA,NA,NA,NA,-14,57,1022,-7,cv,0.45,0,0
555,2010,1,24,2,4,NA,NA,NA,NA,-14,61,1021,-8,NW,1.79,0,0
556,2010,1,24,3,4,NA,NA,NA,NA,-16,66,1021,-11,NW,3.58,0,0
557,2010,1,24,4,4,NA,NA,NA,NA,-14,67,1019,-9,NW,4.47,0,0
558,2010,1,24,5,4,NA,NA,NA,NA,-15,66,1019,-10,cv,0.89,0,0
559,2010,1,24,6,4,NA,NA,NA,NA,-16,72,1019,-12,SE,0.89,0,0
560,2010,1,24,7,4,NA,NA,NA,NA,-15,78,1019,-12,cv,0.89,0,0
561,2010,1,24,8,4,NA,NA,NA,NA,-16,78,1019,-13,NE,1.79,0,0
562,2010,1,24,9,4,NA,NA,NA,NA,-13,62,1020,-7,cv,0.89,0,0
563,2010,1,24,10,4,NA,NA,NA,NA,-12,53,1019,-4,cv,1.78,0,0
564,2010,1,24,11,4,NA,NA,NA,NA,-13,36,1019,0,cv,2.67,0,0
565,2010,1,24,12,4,NA,NA,NA,NA,-16,21,1018,4,NW,4.02,0,0
566,2010,1,24,13,4,NA,NA,NA,NA,-19,15,1017,5,NW,13.85,0,0
567,2010,1,24,14,4,NA,NA,NA,NA,-18,17,1017,5,NW,22.79,0,0
568,2010,1,24,15,4,NA,NA,NA,NA,-19,15,1017,5,NW,32.62,0,0
569,2010,1,24,16,4,NA,NA,NA,NA,-20,14,1018,5,NW,40.67,0,0
570,2010,1,24,17,4,NA,NA,NA,NA,-19,18,1020,3,NW,49.61,0,0
571,2010,1,24,18,4,NA,NA,NA,NA,-18,22,1023,1,NW,61.68,0,0
572,2010,1,24,19,4,NA,NA,NA,NA,-20,22,1027,-1,NW,76.88,0,0
573,2010,1,24,20,4,NA,NA,NA,NA,-20,23,1028,-2,NW,89.84,0,0
574,2010,1,24,21,4,NA,NA,NA,NA,-21,23,1029,-3,NW,98.78,0,0
575,2010,1,24,22,4,NA,NA,NA,NA,-25,17,1030,-4,NW,113.98,0,0
576,2010,1,24,23,4,NA,NA,NA,NA,-26,17,1031,-5,NW,129.18,0,0
577,2010,1,25,0,4,NA,NA,NA,NA,-25,19,1031,-5,NW,141.25,0,0
578,2010,1,25,1,4,NA,NA,NA,NA,-25,20,1031,-6,NW,150.19,0,0
579,2010,1,25,2,4,NA,NA,NA,NA,-24,22,1032,-6,NW,162.26,0,0
580,2010,1,25,3,4,NA,NA,NA,NA,-24,22,1033,-6,NW,172.09,0,0
581,2010,1,25,4,4,NA,NA,NA,NA,-23,24,1033,-6,NW,181.92,0,0
582,2010,1,25,5,4,NA,NA,NA,NA,-22,29,1033,-7,NW,187.73,0,0
583,2010,1,25,6,4,NA,NA,NA,NA,-21,31,1033,-7,NW,192.65,0,0
584,2010,1,25,7,4,NA,NA,NA,NA,-21,31,1034,-7,NW,196.67,0,0
585,2010,1,25,8,4,NA,NA,NA,NA,-21,29,1035,-6,NW,201.59,0,0
586,2010,1,25,9,4,NA,NA,NA,NA,-21,25,1036,-4,NW,207.4,0,0
587,2010,1,25,10,4,NA,NA,NA,NA,-22,21,1036,-3,NW,216.34,0,0
588,2010,1,25,11,4,NA,NA,NA,NA,-22,19,1036,-2,NW,222.15,0,0
589,2010,1,25,12,4,NA,NA,NA,NA,-23,16,1035,-1,NW,230.2,0,0
590,2010,1,25,13,4,NA,NA,NA,NA,-26,11,1033,1,NW,238.25,0,0
591,2010,1,25,14,4,NA,NA,NA,NA,-25,11,1032,2,NW,245.4,0,0
592,2010,1,25,15,4,NA,NA,NA,NA,-25,11,1031,2,NW,252.55,0,0
593,2010,1,25,16,4,NA,NA,NA,NA,-24,12,1031,2,NW,257.47,0,0
594,2010,1,25,17,4,NA,NA,NA,NA,-22,16,1031,1,SE,4.02,0,0
595,2010,1,25,18,4,NA,NA,NA,NA,-19,24,1031,-1,SE,7.15,0,0
596,2010,1,25,19,4,NA,NA,NA,NA,-19,24,1031,-1,SE,10.28,0,0
597,2010,1,25,20,4,NA,NA,NA,NA,-17,35,1031,-4,SE,12.07,0,0
598,2010,1,25,21,4,NA,NA,NA,NA,-18,26,1031,-1,SE,15.2,0,0
599,2010,1,25,22,4,NA,NA,NA,NA,-18,35,1030,-5,cv,0.89,0,0
600,2010,1,25,23,4,NA,NA,NA,NA,-18,30,1030,-3,SE,3.13,0,0
601,2010,1,26,0,4,NA,NA,NA,NA,-16,56,1030,-9,cv,0.89,0,0
602,2010,1,26,1,4,NA,NA,NA,NA,-16,52,1029,-8,cv,1.78,0,0
603,2010,1,26,2,4,NA,NA,NA,NA,-16,66,1029,-11,cv,2.23,0,0
604,2010,1,26,3,4,NA,NA,NA,NA,-16,72,1029,-12,cv,3.12,0,0
605,2010,1,26,4,4,NA,NA,NA,NA,-16,61,1028,-10,NW,3.13,0,0
606,2010,1,26,5,4,NA,NA,NA,NA,-17,56,1028,-10,NW,4.92,0,0
607,2010,1,26,6,4,NA,NA,NA,NA,-17,66,1027,-12,NW,6.71,0,0
608,2010,1,26,7,4,NA,NA,NA,NA,-17,56,1027,-10,NW,8.5,0,0
609,2010,1,26,8,4,NA,NA,NA,NA,-18,66,1028,-13,NE,1.79,0,0
610,2010,1,26,9,4,NA,NA,NA,NA,-16,52,1028,-8,NW,4.02,0,0
611,2010,1,26,10,4,NA,NA,NA,NA,-16,45,1027,-6,NW,5.81,0,0
612,2010,1,26,11,4,NA,NA,NA,88,-15,39,1027,-3,cv,0.89,0,0
613,2010,1,26,12,4,NA,NA,NA,85,-15,33,1025,-1,SE,1.79,0,0
614,2010,1,26,13,4,NA,NA,NA,90,-18,24,1024,0,SE,3.58,0,0
615,2010,1,26,14,4,NA,NA,NA,127,-19,20,1023,1,cv,0.89,0,0
616,2010,1,26,15,4,NA,NA,NA,144,-18,21,1021,2,SE,1.79,0,0
617,2010,1,26,16,4,NA,NA,NA,203,-17,24,1021,1,SE,4.92,0,0
618,2010,1,26,17,4,NA,NA,NA,199,-14,36,1021,-1,SE,5.81,0,0
619,2010,1,26,18,4,NA,NA,NA,231,-13,45,1021,-3,SE,6.7,0,0
620,2010,1,26,19,4,NA,NA,NA,274,-13,45,1021,-3,cv,0.89,0,0
621,2010,1,26,20,4,NA,NA,NA,340,-11,62,1020,-5,NE,0.89,0,0
622,2010,1,26,21,4,NA,NA,NA,298,-13,57,1020,-6,NW,1.79,0,0
623,2010,1,26,22,4,NA,NA,NA,268,-11,62,1020,-5,cv,0.89,0,0
624,2010,1,26,23,4,NA,NA,NA,299,-11,58,1019,-4,NW,1.79,0,0
625,2010,1,27,0,4,NA,NA,NA,300,-11,58,1019,-4,NW,3.58,0,0
626,2010,1,27,1,4,NA,NA,NA,240,-12,49,1018,-3,NW,5.37,0,0
627,2010,1,27,2,4,NA,NA,NA,213,-11,58,1017,-4,NW,7.16,0,0
628,2010,1,27,3,4,NA,NA,NA,171,-11,58,1016,-4,NW,10.29,0,0
629,2010,1,27,4,4,NA,NA,NA,153,-12,49,1016,-3,NW,12.08,0,0
630,2010,1,27,5,4,NA,NA,NA,153,-11,58,1016,-4,NW,15.21,0,0
631,2010,1,27,6,4,NA,NA,NA,140,-11,62,1015,-5,NW,17,0,0
632,2010,1,27,7,4,NA,NA,NA,147,-11,58,1015,-4,NW,18.79,0,0
633,2010,1,27,8,4,NA,NA,NA,158,-11,53,1015,-3,NE,3.13,0,0
634,2010,1,27,9,4,NA,NA,NA,153,-10,50,1015,-1,NE,6.26,0,0
635,2010,1,27,10,4,NA,NA,NA,154,-9,47,1015,1,NE,9.39,0,0
636,2010,1,27,11,4,NA,NA,NA,143,-9,40,1015,3,NW,1.79,0,0
637,2010,1,27,12,4,NA,NA,NA,90,-9,38,1014,4,NW,4.92,0,0
638,2010,1,27,13,4,NA,NA,NA,55,-9,33,1013,6,NW,8.05,0,0
639,2010,1,27,14,4,NA,NA,NA,52,-13,20,1012,8,NW,16.1,0,0
640,2010,1,27,15,4,NA,NA,NA,41,-14,19,1013,8,NW,24.15,0,0
641,2010,1,27,16,4,NA,NA,NA,29,-14,20,1014,7,NW,32.2,0,0
642,2010,1,27,17,4,NA,NA,NA,37,-13,22,1015,7,NW,39.35,0,0
643,2010,1,27,18,4,NA,NA,NA,49,-13,25,1016,5,NW,47.4,0,0
644,2010,1,27,19,4,NA,NA,NA,56,-12,30,1018,4,NW,52.32,0,0
645,2010,1,27,20,4,NA,NA,NA,38,-13,29,1019,3,NW,56.34,0,0
646,2010,1,27,21,4,NA,NA,NA,37,-14,27,1020,3,NW,62.15,0,0
647,2010,1,27,22,4,NA,NA,NA,28,-14,27,1021,3,NW,67.96,0,0
648,2010,1,27,23,4,NA,NA,NA,20,-14,33,1022,0,NW,71.98,0,0
649,2010,1,28,0,4,NA,NA,NA,22,-13,39,1023,-1,NW,76.9,0,0
650,2010,1,28,1,4,NA,NA,NA,27,-15,33,1023,-1,NE,7.15,0,0
651,2010,1,28,2,4,NA,NA,NA,34,-15,33,1024,-1,NE,12.07,0,0
652,2010,1,28,3,4,NA,NA,NA,27,-15,36,1025,-2,NE,16.09,0,0
653,2010,1,28,4,4,NA,NA,NA,32,-15,36,1025,-2,NE,21.01,0,0
654,2010,1,28,5,4,NA,NA,NA,28,-15,39,1025,-3,NE,25.03,0,0
655,2010,1,28,6,4,NA,NA,NA,28,-15,39,1025,-3,NW,3.13,0,0
656,2010,1,28,7,4,NA,NA,NA,18,-15,39,1026,-3,NW,8.05,0,0
657,2010,1,28,8,4,NA,NA,NA,17,-16,35,1027,-3,NW,12.97,0,0
658,2010,1,28,9,4,NA,NA,NA,16,-17,30,1028,-2,NW,20.12,0,0
659,2010,1,28,10,4,NA,NA,NA,18,-18,28,1029,-2,NW,25.93,0,0
660,2010,1,28,11,4,NA,NA,NA,16,-19,24,1028,-1,NW,35.76,0,0
661,2010,1,28,12,4,NA,NA,NA,12,-21,17,1027,1,NW,44.7,0,0
662,2010,1,28,13,4,NA,NA,NA,13,-24,13,1026,1,NW,53.64,0,0
663,2010,1,28,14,4,NA,NA,NA,23,-25,12,1026,1,NW,62.58,0,0
664,2010,1,28,15,4,NA,NA,NA,21,-25,12,1026,1,NW,72.41,0,0
665,2010,1,28,16,4,NA,NA,NA,13,-24,13,1026,1,NW,82.24,0,0
666,2010,1,28,17,4,NA,NA,NA,14,-25,13,1026,0,NW,91.18,0,0
667,2010,1,28,18,4,NA,NA,NA,23,-22,17,1027,0,NW,99.23,0,0
668,2010,1,28,19,4,NA,NA,NA,16,-20,22,1027,-1,NW,103.25,0,0
669,2010,1,28,20,4,NA,NA,NA,25,-21,20,1027,-1,NW,105.04,0,0
670,2010,1,28,21,4,NA,NA,NA,20,-21,25,1028,-4,NE,0.89,0,0
671,2010,1,28,22,4,NA,NA,NA,25,-21,21,1027,-2,NW,4.02,0,0
672,2010,1,28,23,4,NA,NA,NA,19,-22,19,1027,-2,NW,7.15,0,0
673,2010,1,29,0,4,NA,NA,NA,24,-22,18,1027,-1,NW,12.07,0,0
674,2010,1,29,1,4,NA,NA,NA,25,-21,25,1027,-4,NW,15.2,0,0
675,2010,1,29,2,4,NA,NA,NA,20,-21,25,1026,-4,cv,0.89,0,0
676,2010,1,29,3,4,NA,NA,NA,24,-19,40,1026,-8,NE,1.79,0,0
677,2010,1,29,4,4,NA,NA,NA,17,-20,34,1025,-7,cv,0.89,0,0
678,2010,1,29,5,4,NA,NA,NA,10,-20,37,1024,-8,NW,1.79,0,0
679,2010,1,29,6,4,NA,NA,NA,11,-18,51,1024,-10,cv,0.89,0,0
680,2010,1,29,7,4,NA,NA,NA,16,-21,21,1024,-2,NW,4.02,0,0
681,2010,1,29,8,4,NA,NA,NA,20,-21,20,1025,-1,NW,9.83,0,0
682,2010,1,29,9,4,NA,NA,NA,13,-24,13,1025,1,NW,17.88,0,0
683,2010,1,29,10,4,NA,NA,NA,12,-25,11,1025,2,NW,26.82,0,0
684,2010,1,29,11,4,NA,NA,NA,12,-24,11,1024,3,NW,33.97,0,0
685,2010,1,29,12,4,NA,NA,NA,12,-25,9,1023,4,NW,42.02,0,0
686,2010,1,29,13,4,NA,NA,NA,12,-24,10,1022,5,NW,50.07,0,0
687,2010,1,29,14,4,NA,NA,NA,31,-25,8,1020,6,NW,57.22,0,0
688,2010,1,29,15,4,NA,NA,NA,36,-25,8,1020,6,NW,65.27,0,0
689,2010,1,29,16,4,NA,NA,NA,42,-23,10,1020,6,NW,72.42,0,0
690,2010,1,29,17,4,NA,NA,NA,52,-22,12,1020,5,NW,78.23,0,0
691,2010,1,29,18,4,NA,NA,NA,26,-21,13,1020,5,NW,84.04,0,0
692,2010,1,29,19,4,NA,NA,NA,24,-20,14,1020,5,NW,89.85,0,0
693,2010,1,29,20,4,NA,NA,NA,25,-20,16,1020,3,NW,93.87,0,0
694,2010,1,29,21,4,NA,NA,NA,43,-20,16,1020,3,NW,97.89,0,0
695,2010,1,29,22,4,NA,NA,NA,47,-19,18,1021,3,NW,101.02,0,0
696,2010,1,29,23,4,NA,NA,NA,61,-19,18,1020,3,NW,105.94,0,0
697,2010,1,30,0,4,NA,NA,NA,66,-18,24,1020,0,NW,109.96,0,0
698,2010,1,30,1,4,NA,NA,NA,65,-18,24,1020,0,NW,114.88,0,0
699,2010,1,30,2,4,NA,NA,NA,70,-15,33,1020,-1,cv,1.79,0,0
700,2010,1,30,3,4,NA,NA,NA,36,-15,36,1020,-2,NW,0.89,0,0
701,2010,1,30,4,4,NA,NA,NA,37,-16,30,1020,-1,NW,4.02,0,0
702,2010,1,30,5,4,NA,NA,NA,22,-16,38,1019,-4,NW,8.94,0,0
703,2010,1,30,6,4,NA,NA,NA,24,-15,45,1020,-5,cv,0.89,0,0
704,2010,1,30,7,4,NA,NA,NA,29,-16,41,1020,-5,NW,3.13,0,0
705,2010,1,30,8,4,NA,NA,NA,35,-15,48,1021,-6,cv,0.89,0,0
706,2010,1,30,9,4,NA,NA,NA,35,-15,31,1021,0,NW,4.02,0,0
707,2010,1,30,10,4,NA,NA,NA,33,-18,19,1021,3,NW,8.04,0,0
708,2010,1,30,11,4,NA,NA,NA,32,-21,13,1020,5,NW,12.96,0,0
709,2010,1,30,12,4,NA,NA,NA,25,-22,11,1020,6,NW,18.77,0,0
710,2010,1,30,13,4,NA,NA,NA,16,-22,10,1019,7,NW,25.92,0,0
711,2010,1,30,14,4,NA,NA,NA,26,-22,10,1018,7,NW,35.75,0,0
712,2010,1,30,15,4,NA,NA,NA,32,-23,9,1018,7,NW,45.58,0,0
713,2010,1,30,16,4,NA,NA,NA,36,-23,9,1017,7,NW,52.73,0,0
714,2010,1,30,17,4,NA,NA,NA,37,-22,11,1018,6,NW,58.54,0,0
715,2010,1,30,18,4,NA,NA,NA,45,-21,13,1018,5,NW,64.35,0,0
716,2010,1,30,19,4,NA,NA,NA,71,-21,13,1019,5,NW,70.16,0,0
717,2010,1,30,20,4,NA,NA,NA,67,-19,16,1019,4,NW,74.18,0,0
718,2010,1,30,21,4,NA,NA,NA,69,-19,15,1020,5,NW,78.2,0,0
719,2010,1,30,22,4,NA,NA,NA,94,-19,19,1020,2,NW,81.33,0,0
720,2010,1,30,23,4,NA,NA,NA,85,-18,21,1021,2,NW,84.46,0,0
721,2010,1,31,0,4,NA,NA,NA,35,-18,22,1021,1,NW,87.59,0,0
722,2010,1,31,1,4,NA,NA,NA,26,-18,22,1021,1,NW,90.72,0,0
723,2010,1,31,2,4,NA,NA,NA,24,-16,35,1022,-3,NW,93.85,0,0
724,2010,1,31,3,4,NA,NA,NA,20,-15,36,1022,-2,NW,95.64,0,0
725,2010,1,31,4,4,NA,NA,NA,16,-15,31,1022,0,NW,99.66,0,0
726,2010,1,31,5,4,NA,NA,NA,18,-17,24,1023,1,NW,105.47,0,0
727,2010,1,31,6,4,NA,NA,NA,19,-15,31,1023,0,NW,109.49,0,0
728,2010,1,31,7,4,NA,NA,NA,22,-18,24,1025,0,NW,113.51,0,0
729,2010,1,31,8,4,NA,NA,NA,17,-17,26,1025,0,NW,116.64,0,0
730,2010,1,31,9,4,NA,NA,NA,18,-17,22,1026,2,NW,120.66,0,0
731,2010,1,31,10,4,NA,NA,NA,11,-19,18,1026,3,NW,129.6,0,0
732,2010,1,31,11,4,NA,NA,NA,11,-19,16,1026,4,NW,138.54,0,0
733,2010,1,31,12,4,NA,NA,NA,16,-20,14,1025,5,NW,145.69,0,0
734,2010,1,31,13,4,NA,NA,NA,18,-17,18,1024,5,NE,4.02,0,0
735,2010,1,31,14,4,NA,NA,NA,17,-18,15,1024,6,NE,7.15,0,0
736,2010,1,31,15,4,NA,NA,NA,19,-18,15,1024,6,cv,0.89,0,0
737,2010,1,31,16,4,NA,NA,NA,26,-18,17,1024,5,SE,1.79,0,0
738,2010,1,31,17,4,NA,NA,NA,24,-17,19,1024,4,SE,3.58,0,0
739,2010,1,31,18,4,NA,NA,NA,54,-17,24,1024,1,NE,1.79,0,0
740,2010,1,31,19,4,NA,NA,NA,71,-15,33,1025,-1,NE,2.68,0,0
741,2010,1,31,20,4,NA,NA,NA,129,-13,39,1025,-1,cv,0.89,0,0
742,2010,1,31,21,4,NA,NA,NA,145,-8,58,1026,-1,SE,5.81,0,0
743,2010,1,31,22,4,NA,NA,NA,101,-7,68,1027,-2,SE,10.73,0,0
744,2010,1,31,23,4,NA,NA,NA,65,-7,68,1027,-2,SE,13.86,0,0
